Name,Place,Floor,Image URL,Website
 Tommy Hilfiger ,MKG-3,Lantai 1,http://images.malkelapagading.com/tenant/Tommy-Hilfigerlogo-65.jpg,https://www.malkelapagading.com/directory/tommy-hilfiger
2nd Floor Barbershop ,Gading Walk,Lantai Dasar,http://images.malkelapagading.com/tenant/nd-Floor-Barbershoplogo.jpg,https://www.malkelapagading.com/directory/2nd-floor-barbershop
3MONGKIS ,MKG-3,Lantai 2,http://images.malkelapagading.com/tenant/MONGKISlogo.jpg,https://www.malkelapagading.com/directory/3mongkis
7hundredmL ,Gading Walk,Lantai Dasar,http://images.malkelapagading.com/tenant/hundredmLlogo-93.jpg,https://www.malkelapagading.com/directory/7hundredml-mall-kelapa-gading
A & W ,MKG-3,Lantai 3,http://images.malkelapagading.com/tenant/A-W-Restaurantlogo1.jpg,https://www.malkelapagading.com/directory/a-and-w-restaurant
A Fung Baso Sapi ,MKG-3,Lantai 3,http://images.malkelapagading.com/tenant/A-Fung-Baso-Sapilogo.jpg,https://www.malkelapagading.com/directory/a-fung-baso-sapi
"A. VE, RE. RW ",MKG-2,Lantai 2,http://images.malkelapagading.com/tenant/Punk-Q-Salonlogo1.jpg,https://www.malkelapagading.com/directory/a-ve-re-rw
Adelle Jewellery ,MKG-3,Lantai Dasar,http://images.malkelapagading.com/tenant/Adelle-Jewellerylogo.jpg,https://www.malkelapagading.com/directory/adelle-jewellery
Adidas ,MKG-3,Lantai Dasar,http://images.malkelapagading.com/tenant/Adidaslogo3.jpg,https://www.malkelapagading.com/directory/adidas
ALDO ,MKG-2,Lantai 1,http://images.malkelapagading.com/tenant/ALDOlogo.jpg,https://www.malkelapagading.com/directory/aldo
Amarissa ,MKG-2,Lantai Dasar,http://images.malkelapagading.com/tenant/Amarissalogo-40.jpg,https://www.malkelapagading.com/directory/amarisa
Aneka Citra Snack ,MKG-1,Lantai Dasar,http://images.malkelapagading.com/tenant/Aneka-Citra-Snacklogo.jpg,https://www.malkelapagading.com/directory/aneka-citra-snack
AntarArtha Benua ,MKG-1,Lantai Dasar,http://images.malkelapagading.com/tenant/Antarartha-Benualogo.jpg,https://www.malkelapagading.com/directory/antarartha-benua
Arena ,MKG-2,Lantai 2,http://images.malkelapagading.com/tenant/Arenalogo1.jpg,https://www.malkelapagading.com/directory/arena-gadget
Arena ,MKG-2,Lantai Dasar,http://images.malkelapagading.com/tenant/Arenalogo.jpg,https://www.malkelapagading.com/directory/arena
ARTLAND ,Gading Walk,Lantai Dasar,http://images.malkelapagading.com/tenant/ARTLANDlogo-31.jpg,https://www.malkelapagading.com/directory/artland
ASICS  ,MKG-2,Lantai Dasar,http://images.malkelapagading.com/tenant/ASICS-logo-0.jpg,https://www.malkelapagading.com/directory/asics
ATM BCA ,MKG-1,Lantai Dasar,http://images.malkelapagading.com/tenant/ATM-BCAlogo.jpg,https://www.malkelapagading.com/directory/atm-bca
ATM Center 01 ,MKG-3,Lantai Dasar,http://images.malkelapagading.com/tenant/ATM-Center-logo1.jpg,https://www.malkelapagading.com/directory/atm-center-01
ATM Center 02 ,MKG-3,Lantai 1,http://images.malkelapagading.com/tenant/ATM-Center-logo.jpg,https://www.malkelapagading.com/directory/atm-center
Auntie Anne`s ,MKG-1,Lantai Dasar,http://images.malkelapagading.com/tenant/Auntie-Anneslogo.jpg,https://www.malkelapagading.com/directory/auntie-annes
Auto Glaze ,MKG-5,Lantai 1,http://images.malkelapagading.com/tenant/Auto-Glazelogo2.jpg,https://www.malkelapagading.com/directory/auto-glaze
Avia Tour ,MKG-1,Lantai Dasar,http://images.malkelapagading.com/tenant/Avia-Tourlogo.jpg,https://www.malkelapagading.com/directory/avia-tour
Avila Catholic Book ,MKG-2,Lantai 2,http://images.malkelapagading.com/tenant/Avila-Catholic-Booklogo.jpg,https://www.malkelapagading.com/directory/avila-catholic-book
Avocado Lovers ,MKG-2,Lantai Dasar,http://images.malkelapagading.com/tenant/Avocado-Loverslogo1.jpg,https://www.malkelapagading.com/directory/avocado-lovers
B Mobile ,MKG-1,Lantai Dasar,http://images.malkelapagading.com/tenant/B-Mobilelogo1.jpg,https://www.malkelapagading.com/directory/b-mobile
Baby Bar ,MKG-3,Lantai 2,http://images.malkelapagading.com/tenant/Baby-Barlogo.jpg,https://www.malkelapagading.com/directory/baby-bar
Baby Empire ,MKG-3,Lantai 2,http://images.malkelapagading.com/tenant/Baby-Empirelogo-53.jpg,https://www.malkelapagading.com/directory/baby-empire
Babyshop ,MKG-3,Lantai 2,http://images.malkelapagading.com/tenant/Babyshoplogo-26.jpg,https://www.malkelapagading.com/directory/babyshop
Baji Pamai ,MKG-3,Lantai 3,http://images.malkelapagading.com/tenant/Baji-Pamailogo-36.jpg,https://www.malkelapagading.com/directory/bakmi-baji-pamai
Bakmi Gajah Mada ,MKG-3,Lantai 3,http://images.malkelapagading.com/tenant/Bakmi-Gajah-Madalogo.jpg,https://www.malkelapagading.com/directory/bakmi-gajah-mada
Bakmi Gocit ,MKG-3,Lantai Dasar,http://images.malkelapagading.com/tenant/Bakmi-Gocitlogo.jpg,https://www.malkelapagading.com/directory/bakmi-gocit
Bakso Malang Cak Uban ,MKG-3,Lantai 3,http://images.malkelapagading.com/tenant/Bakso-Malang-Cak-Ubanlogo.jpg,https://www.malkelapagading.com/directory/bakso-malang-cak-uban
Baleno ,MKG-2,Lantai 1,http://images.malkelapagading.com/tenant/Balenologo.jpg,https://www.malkelapagading.com/directory/baleno
Bamboo Dimsum ,MKG-3,Lantai 3,http://images.malkelapagading.com/tenant/Bamboo-Dimsumlogo.jpg,https://www.malkelapagading.com/directory/bamboo-dimsum
Bank BRI ,MKG-1,Lantai Dasar,http://images.malkelapagading.com/tenant/Bank-BRIlogo.jpg,https://www.malkelapagading.com/directory/bank-bri
BAR B Q Plaza ,MKG-1,Lantai Dasar,http://images.malkelapagading.com/tenant/BAR-B-Q-Plazalogo1.jpg,https://www.malkelapagading.com/directory/bar-b-q-plaza
Baskin Robbins ,Gading Walk,Lantai Dasar,http://images.malkelapagading.com/tenant/Baskin-Robbinslogo.jpg,https://www.malkelapagading.com/directory/baskin-robbins
Bath & Body Works ,MKG-3,Lantai 1,http://images.malkelapagading.com/tenant/Bath-Body-Workslogo-3.jpg,https://www.malkelapagading.com/directory/bath-and-body-works
Bathaholic ,MKG-3,Lantai 2,http://images.malkelapagading.com/tenant/Bathaholiclogo1.jpg,https://www.malkelapagading.com/directory/bathaholic
Batik Keris ,MKG-2,Lantai 2,http://images.malkelapagading.com/tenant/Batik-Kerislogo.jpg,https://www.malkelapagading.com/directory/batik-keris
BCA ,MKG-3,Lantai Dasar,http://images.malkelapagading.com/tenant/BCAlogo.jpg,https://www.malkelapagading.com/directory/bca
Beef Boss ,MKG-2,Lantai 2,http://images.malkelapagading.com/tenant/Beef-Bosslogo-31.jpg,https://www.malkelapagading.com/directory/beef-boss
Ben Gongs Tea ,MKG-3,Lantai Dasar,http://images.malkelapagading.com/tenant/Ben-Gongs-Tealogo-11.jpg,https://www.malkelapagading.com/directory/ben-gongs-tea
Benteng Jewellery ,MKG-1,Lantai Dasar,http://images.malkelapagading.com/tenant/Benteng-Jewellerylogo.jpg,https://www.malkelapagading.com/directory/benteng-jewellry
Bijin Nabe ,MKG-5,Lantai 3,http://images.malkelapagading.com/tenant/Bijin-Nabelogo-97.png,https://www.malkelapagading.com/directory/bijin-nabe
Birkenstock ,MKG-3,Lantai 1,http://images.malkelapagading.com/tenant/Birkenstocklogo-8.jpg,https://www.malkelapagading.com/directory/birkenstock
Bobo Tokyo ,MKG-3,Lantai 1,http://images.malkelapagading.com/tenant/Bobo-Tokyologo-52.jpg,https://www.malkelapagading.com/directory/bobo-tokyo
BOLDe Store ,MKG-1,Lantai Dasar,http://images.malkelapagading.com/tenant/BOLDe-Storelogo-11.png,https://www.malkelapagading.com/directory/bolde-store
Boogie Doggie ,Gading Walk,Lantai Dasar,http://images.malkelapagading.com/tenant/Boogie-Doggielogo.jpg,https://www.malkelapagading.com/directory/boogie-doggie
Boogie Doggie Pet Cafe ,Gading Walk,Lantai Dasar,http://images.malkelapagading.com/tenant/Boogie-Doggie-Pet-Cafelogo.jpg,https://www.malkelapagading.com/directory/boogie-doggie-pet-cafe
BOOST Juice Bar ,MKG-3,Lantai 2,http://images.malkelapagading.com/tenant/BOOST-Juice-Barlogo-35.jpg,https://www.malkelapagading.com/directory/boost-juice-bar
Boots ,MKG-5,Lantai Dasar,http://images.malkelapagading.com/tenant/Bootslogo-26.jpg,https://www.malkelapagading.com/directory/boots
Braun Buffel ,MKG-3,Lantai 1,http://images.malkelapagading.com/tenant/Braun-Buffellogo-5.jpg,https://www.malkelapagading.com/directory/braun-buffel
Bridges Eyewear ,MKG-1,Lantai 1,http://images.malkelapagading.com/tenant/Bridges-Eyewearlogo1.jpg,https://www.malkelapagading.com/directory/bridges-eyewear
Burger King ,MKG-5,Lantai 3,http://images.malkelapagading.com/tenant/Burger-Kinglogo.jpg,https://www.malkelapagading.com/directory/burger-king
C & F Perfumery ,MKG-3,Lantai Dasar,http://images.malkelapagading.com/tenant/C-F-Perfumerylogo-51.jpg,https://www.malkelapagading.com/directory/c-f-perfume
Caramello Sugar Waxing ,MKG-2,Lantai 2,http://images.malkelapagading.com/tenant/Caramello-Sugar-Waxinglogo.jpg,https://www.malkelapagading.com/directory/caramello-sugar-waxing
Carl & Claire Perfume ,MKG-2,Lantai 1,http://images.malkelapagading.com/tenant/Carl-Claire-Perfumelogo-41.jpg,https://www.malkelapagading.com/directory/carl-and-claire-perfume
CELINA ,MKG-3,Lantai 2,http://images.malkelapagading.com/tenant/CELINAlogo-66.jpg,https://www.malkelapagading.com/directory/celina
Cellini Design Center ,MKG-5,Lantai 2,http://images.malkelapagading.com/tenant/Cellini-Design-Centerlogo-84.png,https://www.malkelapagading.com/directory/cellini
Century Health Care ,MKG-2,Lantai Dasar,http://images.malkelapagading.com/tenant/Century-Health-Carelogo.jpg,https://www.malkelapagading.com/directory/century-health-care
Charles & Keith ,MKG-3,Lantai 1,http://images.malkelapagading.com/tenant/Charles-Keithlogo1.jpg,https://www.malkelapagading.com/directory/charles-and-keith
CHATERAISE ,MKG-3,Lantai Dasar,http://images.malkelapagading.com/tenant/CHATERAISElogo.jpg,https://www.malkelapagading.com/directory/chateraise
Chatime ,MKG-1,Lantai Dasar,http://images.malkelapagading.com/tenant/Chatimelogo.jpg,https://www.malkelapagading.com/directory/new-chatime
CHURROBITES ,MKG-3,Basement,http://images.malkelapagading.com/tenant/CHURROBITESlogo-17.jpg,https://www.malkelapagading.com/directory/churrobites
Cielyn Sleepwear ,MKG-3,Lantai 2,http://images.malkelapagading.com/tenant/Cielyn-Sleepwearlogo-77.jpg,https://www.malkelapagading.com/directory/cielyn-sleepwear
Cindy ,MKG-2,Lantai 2,http://images.malkelapagading.com/tenant/Cindylogo.jpg,https://www.malkelapagading.com/directory/cindy-yayang
Cinema XXI ,MKG-2,Lantai 3,http://images.malkelapagading.com/tenant/Cinema-XXIlogo3.jpg,https://www.malkelapagading.com/directory/cinema-xxi
Cinnabon ,MKG-2,Lantai Dasar,http://images.malkelapagading.com/tenant/Cinnabonlogo-45.jpg,https://www.malkelapagading.com/directory/cinnabon
Clarks ,MKG-3,Lantai 1,http://images.malkelapagading.com/tenant/Clarkslogo.jpg,https://www.malkelapagading.com/directory/clarks
COCO Ichibanya ,MKG-3,Lantai 3,http://images.malkelapagading.com/tenant/COCO-Ichibanyalogo1.jpg,https://www.malkelapagading.com/directory/coco-ichibanya
Coldstone ,MKG-2,Lantai Dasar,http://images.malkelapagading.com/tenant/Coldstonelogo.jpg,https://www.malkelapagading.com/directory/coldstone
CONVERSE ,MKG-2,Lantai Dasar,http://images.malkelapagading.com/tenant/CONVERSElogo-64.jpg,https://www.malkelapagading.com/directory/converse
D`Crepes ,MKG-3,Lantai 3,http://images.malkelapagading.com/tenant/DCrepeslogo.jpg,https://www.malkelapagading.com/directory/dcrepes
D`Paris ,MKG-3,Lantai 2,http://images.malkelapagading.com/tenant/D-Parislogo.jpg,https://www.malkelapagading.com/directory/d-paris
Dairy Queen ,MKG-3,Lantai 3,http://images.malkelapagading.com/tenant/Dairy-Queenlogo1.jpg,https://www.malkelapagading.com/directory/dairy-queen
Daniel Wellington ,MKG-3,Lantai 1,http://images.malkelapagading.com/tenant/Daniel-Wellingtonlogo1.jpg,https://www.malkelapagading.com/directory/daniel-wellington
Dear Butter ,MKG-3,Lantai Dasar,http://images.malkelapagading.com/tenant/Dear-Butterlogo-26.jpg,https://www.malkelapagading.com/directory/dear-butter
Din Tai Fung ,MKG-3,Lantai 3,http://images.malkelapagading.com/tenant/Din-Tai-Funglogo-8.jpg,https://www.malkelapagading.com/directory/din-tai-fung
DJI ,MKG-3,Lantai Dasar,http://images.malkelapagading.com/tenant/DJIlogo-9.jpg,https://www.malkelapagading.com/directory/dji
Don Bakeshop ,MKG-3,Basement,http://images.malkelapagading.com/tenant/Don-Bakeshoplogo-93.jpg,https://www.malkelapagading.com/directory/don-bakeshop
Doner Kebab ,MKG-3,Lantai 3,http://images.malkelapagading.com/tenant/Donner-Kebablogo.jpg,https://www.malkelapagading.com/directory/donner-kebab
Drink Temptation ,MKG-3,Lantai 3,http://images.malkelapagading.com/tenant/Drink-Temptationlogo4.jpg,https://www.malkelapagading.com/directory/drink-temptation
Dwidaya Tour ,MKG-2,Lantai 2,http://images.malkelapagading.com/tenant/Dwidaya-Tourlogo-72.png,https://www.malkelapagading.com/directory/dwidaya-tour
Dynamic Bakery & Cafe ,MKG-2,Lantai Dasar,http://images.malkelapagading.com/tenant/Dynamic-Cafelogo.jpg,https://www.malkelapagading.com/directory/dynamic-bakery
EggO Waffle ,MKG-3,Basement,http://images.malkelapagading.com/tenant/Eggo-Wafflelogo.jpg,https://www.malkelapagading.com/directory/eggo-waffle
ELC (Early Learning Center) ,MKG-3,Lantai 2,http://images.malkelapagading.com/tenant/ELC-Early-Learning-Center-logo-57.jpg,https://www.malkelapagading.com/directory/elc
Erafone ,MKG-1,Lantai Dasar,http://images.malkelapagading.com/tenant/Erafonelogo.jpg,https://www.malkelapagading.com/directory/erafone
Erha Ultimate ,Gading Walk,Lantai Dasar,http://images.malkelapagading.com/tenant/Erha-Ultimatelogo-921.jpg,https://www.malkelapagading.com/directory/erha-ultimate
Es OYEN ,MKG-3,Lantai 3,http://images.malkelapagading.com/tenant/Es-OYENlogo-15.jpg,https://www.malkelapagading.com/directory/es-oyen
Et Cetera ,MKG-2,Lantai 1,http://images.malkelapagading.com/tenant/Et-Ceteralogo-77.jpg,https://www.malkelapagading.com/directory/et-cetera
EVB ,MKG-3,Lantai 2,http://images.malkelapagading.com/tenant/EVBlogo.jpg,https://www.malkelapagading.com/directory/evb
Everbest ,MKG-2,Lantai 1,http://images.malkelapagading.com/tenant/Everbestlogo.jpg,https://www.malkelapagading.com/directory/everbest
Everlash ,MKG-5,Basement,http://images.malkelapagading.com/tenant/Everlashlogo-69.jpg,https://www.malkelapagading.com/directory/everlash
Excelso Coffee ,MKG-2,Lantai 2,http://images.malkelapagading.com/tenant/Kafe-Excelsologo.jpg,https://www.malkelapagading.com/directory/excelso-kafe
Family Mart ,Gading Walk,Lantai Dasar,http://images.malkelapagading.com/tenant/Family-Martlogo.jpg,https://www.malkelapagading.com/directory/family-mart
Famous Amous ,MKG-2,Lantai Dasar,http://images.malkelapagading.com/tenant/Famous-Amouslogo.jpg,https://www.malkelapagading.com/directory/famous-amous
Farmers Market ,MKG-1,Lantai Dasar,http://images.malkelapagading.com/tenant/Farmers-Marketlogo-64.jpg,https://www.malkelapagading.com/directory/farmers-market
Favor ,MKG-2,Lantai Dasar,http://images.malkelapagading.com/tenant/Favorlogo1.jpg,https://www.malkelapagading.com/directory/favor
Fiesta Steak ,MKG-3,Lantai 3,http://images.malkelapagading.com/tenant/Fiesta-Steaklogo.jpg,https://www.malkelapagading.com/directory/fiesta-steak
Find Kapoor ,MKG-2,Lantai 1,http://images.malkelapagading.com/tenant/Find-Kapoorlogo-28.jpg,https://www.malkelapagading.com/directory/find-kapoor
First Love Patisserie ,MKG-2,Lantai Dasar,http://images.malkelapagading.com/tenant/First-love-Pattiserilogo.jpg,https://www.malkelapagading.com/directory/first-love-pattisserie
Foek Lam ,MKG-3,Lantai Dasar,http://images.malkelapagading.com/tenant/Foek-Lamlogo-25.jpg,https://www.malkelapagading.com/directory/foek-lam
FOGO ,MKG-1,Lantai Dasar,http://images.malkelapagading.com/tenant/FOGOlogo-98.jpg,https://www.malkelapagading.com/directory/fogo
Fonel ,MKG-1,Lantai 1,http://images.malkelapagading.com/tenant/Fonellogo.jpg,https://www.malkelapagading.com/directory/fonel
Footlocker  ,MKG-3,Lantai Dasar,http://images.malkelapagading.com/tenant/Footlocker-logo-151.jpg,https://www.malkelapagading.com/directory/footlocker
Francis Artisan Bakery ,MKG-3,Lantai Dasar,http://images.malkelapagading.com/tenant/Francis-Bakerylogo.jpg,https://www.malkelapagading.com/directory/francis-artisan-bakery
Frank & Co Jewellery ,MKG-2,Lantai Dasar,http://images.malkelapagading.com/tenant/Frank-Co-Jewellerylogo.jpg,https://www.malkelapagading.com/directory/frank-and-co-jewellery
Fun World ,MKG-1,Lantai 1,http://images.malkelapagading.com/tenant/Jolly-Fieldslogo.jpg,https://www.malkelapagading.com/directory/fun-world
Gado-Gado Boplo ,MKG-3,Lantai 3,http://images.malkelapagading.com/tenant/Gado-Gado-Boplologo.jpg,https://www.malkelapagading.com/directory/gado-gado-boplo
Galeri Musik Jakarta ,MKG-1,Lantai Dasar,http://images.malkelapagading.com/tenant/Galeri-Musik-Jakartalogo1.jpg,https://www.malkelapagading.com/directory/galeri-musik-jakarta
Garmin ,MKG-2,Lantai Dasar,http://images.malkelapagading.com/tenant/Garminlogo-64.jpg,https://www.malkelapagading.com/directory/garmin
GC - Guess Collection ,MKG-2,Lantai 1,http://images.malkelapagading.com/tenant/Guess-Collectionlogo1.jpg,https://www.malkelapagading.com/directory/guess-collection
Genki Sushi ,MKG-2,Lantai Dasar,http://images.malkelapagading.com/tenant/Genki-Sushilogo.jpg,https://www.malkelapagading.com/directory/genki-sushi
Gingersnaps ,MKG-3,Lantai 2,http://images.malkelapagading.com/tenant/Gingersnapslogo.jpg,https://www.malkelapagading.com/directory/gingersnaps
Gion & NOB Journal ,MKG-1,Lantai Dasar,http://images.malkelapagading.com/tenant/Gion-NOB-Journallogo-73.jpg,https://www.malkelapagading.com/directory/gion-the-sushi-bar-and-nob-journal
Giordano ,MKG-2,Lantai 1,http://images.malkelapagading.com/tenant/Giordanologo.jpg,https://www.malkelapagading.com/directory/giordano
GNC Live Well ,MKG-2,Lantai 2,http://images.malkelapagading.com/tenant/GNC-Live-Welllogo.jpg,https://www.malkelapagading.com/directory/gnc-live-well
Gokana Ramen & Teppan Express ,MKG-3,Lantai 3,http://images.malkelapagading.com/tenant/Gokana-Ramen-Teppanlogo1.jpg,https://www.malkelapagading.com/directory/gokana-ramen-and-teppan
Golden Lamian ,MKG-3,Lantai 3,http://images.malkelapagading.com/tenant/Golden-Lamianlogo-96.jpg,https://www.malkelapagading.com/directory/golden-lamian
GONG CHA ,MKG-1,Lantai Dasar,http://images.malkelapagading.com/tenant/GONG-CHAlogo-77.jpg,https://www.malkelapagading.com/directory/gong-cha
GOOMA Tea Bar ,MKG-1,Lantai Dasar,http://images.malkelapagading.com/tenant/GOOMAlogo.jpg,https://www.malkelapagading.com/directory/gooma-tea-bar
Gramedia Book Store ,MKG-1,Lantai 1,http://images.malkelapagading.com/tenant/Gramedia-Book-Storelogo-93.jpg,https://www.malkelapagading.com/directory/gramedia-book-store
GraPARI Telkomsel ,MKG-3,Lantai 2,http://images.malkelapagading.com/tenant/GraPARIlogo.jpg,https://www.malkelapagading.com/directory/grapari
GS Shop ,MKG-1,Lantai 1,http://images.malkelapagading.com/tenant/GSS-Shoplogo-94.jpg,https://www.malkelapagading.com/directory/gs-shop-mall-kelapagading
G-SHOCK Casio ,MKG-3,Lantai 1,http://images.malkelapagading.com/tenant/G-SHOCKlogo.jpg,https://www.malkelapagading.com/directory/g-shock
Guardian ,MKG-2,Lantai Dasar,http://images.malkelapagading.com/tenant/Guardianlogo-20.jpg,https://www.malkelapagading.com/directory/guardian
Guess ,MKG-3,Lantai 1,http://images.malkelapagading.com/tenant/Guesslogo.jpg,https://www.malkelapagading.com/directory/guess
Guess Accessories ,MKG-2,Lantai 1,http://images.malkelapagading.com/tenant/Guess-Accessorieslogo1.jpg,https://www.malkelapagading.com/directory/guess-accessories
Guess Jewellery ,MKG-2,Lantai 1,http://images.malkelapagading.com/tenant/Guess-Jewellerylogo1.jpg,https://www.malkelapagading.com/directory/guess-jewellery
Gulu Gulu Authentic Taiwanese Cheese Tea ,MKG-3,Lantai 3,http://images.malkelapagading.com/tenant/Gulu-Gulu-Authentic-Taiwanese-Cheese.jpg,https://www.malkelapagading.com/directory/gulu-gulu-authentic-taiwanese-cheese-tea
Gyu-Kaku Japanese Yakiniku ,MKG-5,Lantai 3,http://images.malkelapagading.com/tenant/Gyu-Kaku-Japanese-Yakinikulogo.jpg,https://www.malkelapagading.com/directory/gyu-kaku-japanese-yakiniku
H&M ,MKG-3,Lantai 1,http://images.malkelapagading.com/tenant/H-Mlogo-13.jpg,https://www.malkelapagading.com/directory/h-and-m
Haagen Dazs ,MKG-1,Lantai Dasar,http://images.malkelapagading.com/tenant/Haagen-Dazslogo-98.jpg,https://www.malkelapagading.com/directory/haagen-dazs
Hai Shien Fang ,MKG-5,Lantai 3,http://images.malkelapagading.com/tenant/Hai-Shien-Fanglogo-42.jpg,https://www.malkelapagading.com/directory/hai-shien-fang
Hakata Ikkousha ,MKG-1,Lantai Dasar,http://images.malkelapagading.com/tenant/Hakata-Ikkoushalogo.jpg,https://www.malkelapagading.com/directory/hakata-ikkousha
Happy Car`s ,MKG-5,Lantai Dasar,http://images.malkelapagading.com/tenant/Happy-Car-slogo.jpg,https://www.malkelapagading.com/directory/happy-cars
Happy Dental Clinic ,MKG-2,Lantai 2,http://images.malkelapagading.com/tenant/Happy-Dental-Cliniclogo-90.jpg,https://www.malkelapagading.com/directory/happy-dental-clinic
Hasami Kushi Salon ,MKG-2,Lantai 2,http://images.malkelapagading.com/tenant/Hasami-Kushi-Salonlogo.jpg,https://www.malkelapagading.com/directory/hasami-kushi-salon
Havaianas ,MKG-3,Lantai 1,http://images.malkelapagading.com/tenant/Havainaslogo.jpg,https://www.malkelapagading.com/directory/havaianas
Headquarters ,MKG-3,Basement,http://images.malkelapagading.com/tenant/Headquarterslogo.jpg,https://www.malkelapagading.com/directory/headquarters
Her Glam Nail Salon ,MKG-3,Basement,http://images.malkelapagading.com/tenant/Her-Glam-Nail-Salonlogo1.jpg,https://www.malkelapagading.com/directory/her-glam-nail-salon
Hillary Farm ,MKG-2,Lantai 1,http://images.malkelapagading.com/tenant/Hillary-Farmlogo.jpg,https://www.malkelapagading.com/directory/hillary-farm
Hoka-Hoka Bento ,MKG-1,Lantai 2,http://images.malkelapagading.com/tenant/Hoka-Hoka-Bentologo1.jpg,https://www.malkelapagading.com/directory/hoka-hoka-bento
Hokkaido Baked Cheese Tart ,MKG-3,Lantai Dasar,http://images.malkelapagading.com/tenant/Hokkaido-Baked-Cheese-Tartlogo.jpg,https://www.malkelapagading.com/directory/hokkaido-baked-cheese-tart
Home Made Bakery ,MKG-1,Lantai Dasar,http://images.malkelapagading.com/tenant/Home-Madelogo.jpg,https://www.malkelapagading.com/directory/home-made
Hong Kong Sheng Kee Dessert ,MKG-2,Lantai Dasar,http://images.malkelapagading.com/tenant/Hong-Kong-Sheng-Kee-Dessertlogo.jpg,https://www.malkelapagading.com/directory/hong-kong-sheng-kee-dessert
Hong Tang ,MKG-3,Lantai 3,http://images.malkelapagading.com/tenant/Hong-Tanglogo1.jpg,https://www.malkelapagading.com/directory/hong-tang
HOOPS Indonesia ,MKG-2,Lantai 1,http://images.malkelapagading.com/tenant/HOOPS-Indonesialogo-3.jpg,https://www.malkelapagading.com/directory/hoops
Hop Hop Bubble Drink ,MKG-3,Lantai 3,http://images.malkelapagading.com/tenant/Hop-Hop-Bubble-Drinklogo-100.jpg,https://www.malkelapagading.com/directory/hop-hop-bubble-drink-8738
Hop Hop Bubble Drink ,MKG-2,Lantai 2,http://images.malkelapagading.com/tenant/Hop-Hop-Bubble-Drinklogo-17.jpg,https://www.malkelapagading.com/directory/hop-hop-bubble-drink
Hot Star Chicken ,Gading Walk,Lantai Dasar,http://images.malkelapagading.com/tenant/Hot-Star-Chickenlogo.jpg,https://www.malkelapagading.com/directory/hot-star-chicken
Hoy Tod ,MKG-3,Lantai 3,http://images.malkelapagading.com/tenant/Hoy-Todlogo-87.jpg,https://www.malkelapagading.com/directory/hoy-tod
HUAWEI ,MKG-3,Lantai Dasar,http://images.malkelapagading.com/tenant/HUAWEIlogo-10.jpg,https://www.malkelapagading.com/directory/huawei
Hush Puppies ,MKG-3,Lantai 1,http://images.malkelapagading.com/tenant/Hush-Puppieslogo.jpg,https://www.malkelapagading.com/directory/hush-puppies
iBox ,MKG-3,Lantai Dasar,http://images.malkelapagading.com/tenant/iBoxlogo.jpg,https://www.malkelapagading.com/directory/ibox
Ikkudo Ichi ,MKG-3,Lantai 3,http://images.malkelapagading.com/tenant/Ikkudo-Ichilogo1.jpg,https://www.malkelapagading.com/directory/ikkudo-ichi
IMAX Theatre ,MKG-2,Lantai 3,http://images.malkelapagading.com/tenant/IMAX-Theatrelogo.jpg,https://www.malkelapagading.com/directory/imax
Innisfree ,MKG-3,Lantai 1,http://images.malkelapagading.com/tenant/Innisfreelogo2.jpg,https://www.malkelapagading.com/directory/innisfree
INTime ,MKG-3,Lantai Dasar,http://images.malkelapagading.com/tenant/INTimelogo-53.png,https://www.malkelapagading.com/directory/intime
Ippeke Komachi ,MKG-3,Lantai Dasar,http://images.malkelapagading.com/tenant/Ippeke-Komachilogo.jpg,https://www.malkelapagading.com/directory/ippeke-komachi
Irwan Team Salon ,MKG-3,Lantai 1,http://images.malkelapagading.com/tenant/Irwan-Team-Salonlogo1.jpg,https://www.malkelapagading.com/directory/irwan-team
Ixobox ,MKG-1,Lantai 1,http://images.malkelapagading.com/tenant/Ixoboxlogo2.jpg,https://www.malkelapagading.com/directory/ixobox
Jack & John Kitchen ,MKG-3,Lantai Dasar,http://images.malkelapagading.com/tenant/Jack-John-Kitchenlogo-61.jpg,https://www.malkelapagading.com/directory/jack-and-john-kitchen
Jack Nicklaus ,MKG-2,Lantai 1,http://images.malkelapagading.com/tenant/Jack-Nicklauslogo.jpg,https://www.malkelapagading.com/directory/jack-nicklaus
Janji Jiwa Toast ,MKG-3,Lantai 3,http://images.malkelapagading.com/tenant/Pizza-Pezzologo1.jpg,https://www.malkelapagading.com/directory/janji-jiwa-toast
Janji Jiwa X ,Gading Walk,Lantai Dasar,http://images.malkelapagading.com/tenant/Janji-Jiwa-Xlogo-59.jpg,https://www.malkelapagading.com/directory/janji-jiwa-x
Java Kitchen ,MKG-3,Lantai 3,http://images.malkelapagading.com/tenant/Java-Kitchenlogo.jpg,https://www.malkelapagading.com/directory/java-kitchen
JBL & de`sound ,MKG-3,Lantai Dasar,http://images.malkelapagading.com/tenant/JBL-de-soundlogo-82.jpg,https://www.malkelapagading.com/directory/jbl-and-desound
JCO Donuts & Coffee ,MKG-2,Lantai Dasar,http://images.malkelapagading.com/tenant/JCO-Donutslogo.jpg,https://www.malkelapagading.com/directory/jco-donuts
JD sports ,MKG-3,Lantai 1,http://images.malkelapagading.com/tenant/JD-sportslogo-15.jpg,https://www.malkelapagading.com/directory/jd-sport-summarecon-mall-kelapa-gading
JM Top Optical ,MKG-1,Lantai Dasar,http://images.malkelapagading.com/tenant/JM-Top-Opticallogo.jpg,https://www.malkelapagading.com/directory/jm-top-optical
Johnny Andrean Salon ,MKG-3,Lantai 1,http://images.malkelapagading.com/tenant/Jhonny-Andrean-Salonlogo.jpg,https://www.malkelapagading.com/directory/johnny-andrean-salon
JOOMBA ,Gading Walk,Lantai Dasar,http://images.malkelapagading.com/tenant/JOOMBAlogo-67.jpg,https://www.malkelapagading.com/directory/joomba
JPP Skin Laser & Clinic ,MKG-2,Lantai 1,http://images.malkelapagading.com/tenant/JPP-Skin-Laser-Cliniclogo.jpg,https://www.malkelapagading.com/directory/jpp-skin-laser-and-clinic
Just Yoga ,Gading Walk,Lantai Dasar,http://images.malkelapagading.com/tenant/Just-Yogalogo.jpg,https://www.malkelapagading.com/directory/just-yoga
Justice ,MKG-3,Lantai 2,http://images.malkelapagading.com/tenant/Justicelogo.jpg,https://www.malkelapagading.com/directory/justice
Jutanhak Beauty Center ,MKG-2,Lantai 2,http://images.malkelapagading.com/tenant/Jutanhak-Beauty-Centerlogo.jpg,https://www.malkelapagading.com/directory/jutanhak-beauty-center
Kaizen ,MKG-2,Lantai Dasar,http://images.malkelapagading.com/tenant/Kaizenlogo2.jpg,https://www.malkelapagading.com/directory/kaizen
KALCare ,MKG-1,Lantai 2,http://images.malkelapagading.com/tenant/KALCarelogo-61.jpg,https://www.malkelapagading.com/directory/kalcare
KEMAYU ,MKG-2,Lantai 1,http://images.malkelapagading.com/tenant/KEMAYUlogo-7.jpg,https://www.malkelapagading.com/directory/kemayu
Kettler Sport ,MKG-1,Lantai Dasar,http://images.malkelapagading.com/tenant/Kettler-Sportlogo.jpg,https://www.malkelapagading.com/directory/kettler-sport
Ketupat Rusmini ,MKG-3,Lantai 3,http://images.malkelapagading.com/tenant/Lontong-cap-Gomeh-Rusminilogo1.jpg,https://www.malkelapagading.com/directory/lontong-cap-gomeh-rusmini
KFC ,MKG-3,Lantai 3,http://images.malkelapagading.com/tenant/KFClogo-34.jpg,https://www.malkelapagading.com/directory/kfc
Kidz Station ,MKG-3,Lantai 2,http://images.malkelapagading.com/tenant/Kidz-Stationlogo-53.jpg,https://www.malkelapagading.com/directory/kidz-station
Kiehl`s ,MKG-2,Lantai Dasar,http://images.malkelapagading.com/tenant/Kiehlslogo.jpg,https://www.malkelapagading.com/directory/kiehls
Kimukatsu ,MKG-3,Lantai 3,http://images.malkelapagading.com/tenant/Kimukatsulogo-87.jpg,https://www.malkelapagading.com/directory/kimukatsu
Kintan Buffet ,MKG-3,Lantai 2,http://images.malkelapagading.com/tenant/Kintan-Buffetlogo.jpg,https://www.malkelapagading.com/directory/kintan-buffet
Kitchenette ,MKG-3,Lantai Dasar,http://images.malkelapagading.com/tenant/Kitchenettelogo.jpg,https://www.malkelapagading.com/directory/kitchenette
Kkuldak ,MKG-3,Lantai 3,http://images.malkelapagading.com/tenant/Kkuldaklogo.jpg,https://www.malkelapagading.com/directory/kkuldak
Koi Teppanyaki ,MKG-3,Lantai 3,http://images.malkelapagading.com/tenant/Koi-Teppanyakilogo.jpg,https://www.malkelapagading.com/directory/koi-teppanyaki
KOKUMI ,MKG-2,Lantai 2,http://images.malkelapagading.com/tenant/KOKUMIlogo.jpg,https://www.malkelapagading.com/directory/kokumi
Kopi dibawahtangga ,MKG-3,Basement,http://images.malkelapagading.com/tenant/Kopi-dibawahtanggalogo-25.jpg,https://www.malkelapagading.com/directory/kopi-dibawahtangga
Kopi Janji Jiwa ,MKG-3,Lantai 3,http://images.malkelapagading.com/tenant/Janji-Jiwa-Xlogo-7.jpg,https://www.malkelapagading.com/directory/kopi-janji-jiwa
Kopi Kenangan ,Gading Walk,Lantai Dasar,http://images.malkelapagading.com/tenant/Kopi-Kenanganlogo.jpg,https://www.malkelapagading.com/directory/kopi-kenangan
Kopi Luwak ,MKG-2,Lantai Dasar,http://images.malkelapagading.com/tenant/Kopi-Luwaklogo.jpg,https://www.malkelapagading.com/directory/kopi-luwak
Krispy Kreme Doughnut ,MKG-3,Lantai Dasar,http://images.malkelapagading.com/tenant/Krispy-Kreme-Doughnutlogo.jpg,https://www.malkelapagading.com/directory/krispy-kreme
Kwetiau Sapi Kelapa Gading ,MKG-3,Lantai 3,http://images.malkelapagading.com/tenant/Kwetiau-Sapi-Kelapa-Gadinglogo3.jpg,https://www.malkelapagading.com/directory/kwetiau-sapi-kelapa-gading
KyoChon Chicken ,MKG-2,Lantai 2,http://images.malkelapagading.com/tenant/KyoChon-Chickenlogo-8.jpg,https://www.malkelapagading.com/directory/kyo-chon
LAKON ,MKG-3,Lantai 1,http://images.malkelapagading.com/tenant/LAKONlogo-67.jpg,https://www.malkelapagading.com/directory/lakon
Land of Zoomoov ,MKG-3,Lantai 2,http://images.malkelapagading.com/tenant/Land-of-Zoomoovlogo-16.jpg,https://www.malkelapagading.com/directory/land-of-zoomoov
Lavalen ,MKG-3,Lantai 2,http://images.malkelapagading.com/tenant/Lavalenlogo-5.jpg,https://www.malkelapagading.com/directory/lavalen-hair-care
Levi's ,MKG-2,Lantai 1,http://images.malkelapagading.com/tenant/Levislogo.jpg,https://www.malkelapagading.com/directory/levis
Lewis Emma ,MKG-3,Lantai 2,http://images.malkelapagading.com/tenant/Lewis-Emmalogo-15.jpg,https://www.malkelapagading.com/directory/lewis-emma
Liang Sandwich ,MKG-3,Lantai 3,http://images.malkelapagading.com/tenant/Liang-Sandwichlogo.jpg,https://www.malkelapagading.com/directory/liang-sandwich
Loccitane ,MKG-3,Lantai Dasar,http://images.malkelapagading.com/tenant/Loccitanelogo.jpg,https://www.malkelapagading.com/directory/loccitane
Lumi Japan Beauty ,Gading Walk,Lantai Dasar,http://images.malkelapagading.com/tenant/Lumi-Japan-Beautylogo.jpg,https://www.malkelapagading.com/directory/lumi-japan-beauty
Lunas Doughnut ,MKG-3,Lantai 3,http://images.malkelapagading.com/tenant/Luna-Doughnutlogo-63.jpg,https://www.malkelapagading.com/directory/lunas-doughnut
Luxcell Clinic ,MKG-2,Lantai Dasar,http://images.malkelapagading.com/tenant/Luxcelllogo-44.jpg,https://www.malkelapagading.com/directory/luxcell
Mama Roz ,MKG-1,Lantai Dasar,http://images.malkelapagading.com/tenant/Mama-Rozlogo.jpg,https://www.malkelapagading.com/directory/mama-roz
Mandiri ,MKG-3,Lantai Dasar,http://images.malkelapagading.com/tenant/Bank-Mandirilogo.jpg,https://www.malkelapagading.com/directory/bank-mandiri
manZONE ,MKG-3,Lantai 2,http://images.malkelapagading.com/tenant/manZONElogo-12.jpg,https://www.malkelapagading.com/directory/manzone
Marketing Gallery The Kensington Royal Suites ,,,http://images.malkelapagading.com/tenant/Marketing-Gallery-The-Kensington-Royal2.jpg,https://www.malkelapagading.com/directory/marketing-gallery-the-kensington-royal
Marks & Spencer ,MKG-3,Lantai Dasar,http://images.malkelapagading.com/tenant/Marks-Spencerlogo-82.jpg,https://www.malkelapagading.com/directory/mark-and-spencer
Martha Tilaar Shop ,MKG-2,Lantai Dasar,http://images.malkelapagading.com/tenant/Martha-Tilaar-Shoplogo.jpg,https://www.malkelapagading.com/directory/martha-tilaar
Master Squid ,Gading Walk,Lantai Dasar,http://images.malkelapagading.com/tenant/Master-Squidlogo1.jpg,https://www.malkelapagading.com/directory/master-squid
May May Salon ,MKG-3,Lantai 1,http://images.malkelapagading.com/tenant/May-May-Salonlogo.jpg,https://www.malkelapagading.com/directory/may-may-salon
McDonald's Dessert ,MKG-3,Lantai 3,http://images.malkelapagading.com/tenant/McDonalds-Dessertlogo.jpg,https://www.malkelapagading.com/directory/mcdonalds-dessert
Meiso Reflexology ,MKG-5,Lantai Dasar,http://images.malkelapagading.com/tenant/Meiso-Reflexologylogo1.jpg,https://www.malkelapagading.com/directory/meiso-reflexology
Melissa Clube ,MKG-2,Lantai 1,http://images.malkelapagading.com/tenant/Melissa-Clubelogo-76.jpg,https://www.malkelapagading.com/directory/melissa-clube
Mi Official Store ,MKG-1,Lantai 1,http://images.malkelapagading.com/tenant/Mi-Official-Storelogo.jpg,https://www.malkelapagading.com/directory/mi-official-store
Mie Hopeng ,MKG-3,Lantai 3,http://images.malkelapagading.com/tenant/Mie-Hopenglogo4.jpg,https://www.malkelapagading.com/directory/mie-hopeng
Mini Melissa  ,MKG-3,Lantai 2,http://images.malkelapagading.com/tenant/Mini-Melissa-logo-52.jpg,https://www.malkelapagading.com/directory/melissa-shoes
MINISO ,MKG-1,Lantai Dasar,http://images.malkelapagading.com/tenant/MINISOlogo.jpg,https://www.malkelapagading.com/directory/miniso
Minoshe ,MKG-3,Lantai 2,http://images.malkelapagading.com/tenant/Minoshelogo.jpg,https://www.malkelapagading.com/directory/minoshe
Miss Mondial ,MKG-3,Lantai Dasar,http://images.malkelapagading.com/tenant/Miss-Mondiallogo.jpg,https://www.malkelapagading.com/directory/miss-mondial
Mister Donut ,Gading Walk,Lantai Dasar,http://images.malkelapagading.com/tenant/Mister-Donutlogo-19.jpg,https://www.malkelapagading.com/directory/mister-donut
MKG X Danjyo Hiyoji ,,,http://images.malkelapagading.com/tenant/MKG-X-Danjyo-Hiyojilogo-96.jpg,https://www.malkelapagading.com/directory/mkg-x-danjyo-hiyoji
Mochi Mochio ,MKG-1,Lantai 1,http://images.malkelapagading.com/tenant/Mochi-Mochiologo-24.jpg,https://www.malkelapagading.com/directory/mochi-mochi
MOMO Paradise ,MKG-5,Lantai Dasar,http://images.malkelapagading.com/tenant/MOMO-Paradiselogo.jpg,https://www.malkelapagading.com/directory/momo-paradise
MOMOIRO ,MKG-3,Lantai 2,http://images.malkelapagading.com/tenant/MOMOIROlogo1.jpg,https://www.malkelapagading.com/directory/momoiro
MOOIMOM ,MKG-3,Lantai 2,http://images.malkelapagading.com/tenant/MOOIMOMlogo.jpg,https://www.malkelapagading.com/directory/mooimom
MORO Bake Shop & Coffee ,MKG-3,Lantai 3,http://images.malkelapagading.com/tenant/MORO-Bake-Shoplogo-67.jpg,https://www.malkelapagading.com/directory/moro-bake-shop
Moro Bakeshop & Coffee ,,,http://images.malkelapagading.com/tenant/Planet-Popcornlogo.jpg,https://www.malkelapagading.com/directory/moro-bakeshop-and-coffee
Mothercare ,MKG-3,Lantai 2,http://images.malkelapagading.com/tenant/Mothercarelogo.jpg,https://www.malkelapagading.com/directory/mothercare
My Feet ,MKG-3,Lantai 2,http://images.malkelapagading.com/tenant/My-Feetlogo2.jpg,https://www.malkelapagading.com/directory/my-feet
My Nail ,Gading Walk,Lantai Dasar,http://images.malkelapagading.com/tenant/My-Naillogo2.jpg,https://www.malkelapagading.com/directory/my-nail
Myer Jewellery ,MKG-2,Lantai 1,http://images.malkelapagading.com/tenant/Myer-Jewellerylogo.jpg,https://www.malkelapagading.com/directory/myer-jewellery
Nasi Pedas Kampung Bali ,MKG-3,Lantai 3,http://images.malkelapagading.com/tenant/Nasi-Bakar-Pusatlogo.jpg,https://www.malkelapagading.com/directory/nasi-pedas-kampung-bali
Natural Farm ,MKG-3,Lantai 3,http://images.malkelapagading.com/tenant/Natural-Farmlogo-5.jpg,https://www.malkelapagading.com/directory/natural-farm
Nature Republic ,MKG-1,Lantai 1,http://images.malkelapagading.com/tenant/Nature-Republiclogo.jpg,https://www.malkelapagading.com/directory/nature-republic
New Balance ,MKG-2,Lantai Dasar,http://images.malkelapagading.com/tenant/New-Balancelogo-50.jpg,https://www.malkelapagading.com/directory/new-balance
New Eropa Watch ,MKG-2,Lantai Dasar,http://images.malkelapagading.com/tenant/New-Eropa-Watchlogo1.jpg,https://www.malkelapagading.com/directory/new-eropa-watch
New Metro Jewellery ,MKG-2,Lantai Dasar,http://images.malkelapagading.com/tenant/New-Metro-Jewellerylogo.jpg,https://www.malkelapagading.com/directory/new-metro-jewellery
New Paris ,MKG-2,Lantai 1,http://images.malkelapagading.com/tenant/New-Parislogo.jpg,https://www.malkelapagading.com/directory/paris-jewellery
New Utama ,MKG-2,Lantai Dasar,http://images.malkelapagading.com/tenant/New-Utamalogo1.jpg,https://www.malkelapagading.com/directory/new-utama
NIKE ,MKG-3,Lantai Dasar,http://images.malkelapagading.com/tenant/NIKElogo.jpg,https://www.malkelapagading.com/directory/nike
O.W.L ,MKG-3,Lantai 2,http://images.malkelapagading.com/tenant/O-W-Llogo.jpg,https://www.malkelapagading.com/directory/owl
Obermain ,MKG-2,Lantai 1,http://images.malkelapagading.com/tenant/Obermainlogo-90.jpg,https://www.malkelapagading.com/directory/obermain
Olivia Burton Watch ,MKG-3,Lantai 1,http://images.malkelapagading.com/tenant/Olivia-Burton-Watchlogo.jpg,https://www.malkelapagading.com/directory/olivia-burton-watch
Olla Beauty Studio ,MKG-3,Basement,http://images.malkelapagading.com/tenant/Olla-Beauty-Studiologo.jpg,https://www.malkelapagading.com/directory/olla-beauty-studio
Omega ,MKG-3,Lantai Dasar,http://images.malkelapagading.com/tenant/Omegalogo.jpg,https://www.malkelapagading.com/directory/omega
One Piece Hair Studio ,MKG-3,Lantai 2,http://images.malkelapagading.com/tenant/One-Piece-Salonlogo.jpg,https://www.malkelapagading.com/directory/one-piece-salon
Oppo ,MKG-1,Lantai 1,http://images.malkelapagading.com/tenant/Oppologo-84.jpg,https://www.malkelapagading.com/directory/oppo
Optik Melawai ,MKG-3,Lantai Dasar,http://images.malkelapagading.com/tenant/Optik-Melawailogo-17.jpg,https://www.malkelapagading.com/directory/optik-melawai
Optik Seis ,MKG-2,Lantai Dasar,http://images.malkelapagading.com/tenant/Optik-Seislogo.jpg,https://www.malkelapagading.com/directory/optik-seis
Optik Seis Signature ,MKG-3,Lantai Dasar,http://images.malkelapagading.com/tenant/Optik-Seis-Signaturelogo.jpg,https://www.malkelapagading.com/directory/optik-seis-signature
Optik Tunggal ,MKG-3,Lantai Dasar,http://images.malkelapagading.com/tenant/Optik-Tunggallogo.jpg,https://www.malkelapagading.com/directory/optik-tunggal
Our Daily Dose ,MKG-2,Lantai 1,http://images.malkelapagading.com/tenant/Our-Daily-Doselogo1.jpg,https://www.malkelapagading.com/directory/our-daily-dose
Pan & Co ,MKG-2,Lantai 1,http://images.malkelapagading.com/tenant/Pan-Cologo-7.jpg,https://www.malkelapagading.com/directory/pan-and-co
Pancious ,MKG-5,Lantai Dasar,http://images.malkelapagading.com/tenant/Panciouslogo3.jpg,https://www.malkelapagading.com/directory/pancious
Panorama JTB ,MKG-1,Lantai Dasar,http://images.malkelapagading.com/tenant/Panorama-JTBlogo2.jpg,https://www.malkelapagading.com/directory/panorama-jtb
Paperclip ,MKG-3,Lantai 2,http://images.malkelapagading.com/tenant/Papercliplogo.jpg,https://www.malkelapagading.com/directory/paperclip
Passion Jewelry ,MKG-2,Lantai Dasar,http://images.malkelapagading.com/tenant/Passion-Jewelrylogo.jpg,https://www.malkelapagading.com/directory/passion-jewelry
Pastel Ma`Cik ,MKG-3,Lantai 3,http://images.malkelapagading.com/tenant/Pastel-Ma-Ciklogo-83.jpg,https://www.malkelapagading.com/directory/pastel-macik
PAWS Dog Dream Park ,Gading Walk,Lantai Dasar,http://images.malkelapagading.com/tenant/PAWS-Dog-Dream-Parklogo.jpg,https://www.malkelapagading.com/directory/paws-dog-dream-park
Pedro ,MKG-3,Lantai 1,http://images.malkelapagading.com/tenant/Pedrologo-84.jpg,https://www.malkelapagading.com/directory/pedro
Peggy's Laundry ,MKG-3,Basement,http://images.malkelapagading.com/tenant/Peggys-Laundrylogo1.jpg,https://www.malkelapagading.com/directory/peggys-laundry
Pepper Lunch ,MKG-3,Lantai 3,http://images.malkelapagading.com/tenant/Pepper-Lunchlogo.jpg,https://www.malkelapagading.com/directory/pepper-lunch
Periplus Bookstore ,MKG-3,Lantai Dasar,http://images.malkelapagading.com/tenant/Periplus-Bookstorelogo.jpg,https://www.malkelapagading.com/directory/periplus-bookstore
Petra Toys ,MKG-2,Lantai Dasar,http://images.malkelapagading.com/tenant/Petra-Toyslogo.jpg,https://www.malkelapagading.com/directory/petra-toys
Pho BaBa ,MKG-1,Lantai Dasar,http://images.malkelapagading.com/tenant/Pho-BaBalogo-54.jpg,https://www.malkelapagading.com/directory/pho-baba
Pietro's Gelato ,MKG-2,Lantai 2,http://images.malkelapagading.com/tenant/Pietros-Gelatologo1.jpg,https://www.malkelapagading.com/directory/pietros-gelato
Pigeon ,MKG-3,Lantai 2,http://images.malkelapagading.com/tenant/Pigeonlogo.jpg,https://www.malkelapagading.com/directory/pigeon
Pizza Hut ,MKG-3,Lantai Dasar,http://images.malkelapagading.com/tenant/Pizza-Hutlogo.jpg,https://www.malkelapagading.com/directory/pizza-hut
Pizza Marzano ,MKG-2,Lantai Dasar,http://images.malkelapagading.com/tenant/Pizza-Marzanologo1.jpg,https://www.malkelapagading.com/directory/pizza-express
Planet Sport ,MKG-3,Lantai 2,http://images.malkelapagading.com/tenant/Planet-Sportlogo.jpg,https://www.malkelapagading.com/directory/planet-sports
Polo Diesel ,MKG-2,Lantai Dasar,http://images.malkelapagading.com/tenant/Polo-Diesellogo1.jpg,https://www.malkelapagading.com/directory/polo
Pop Cionardes ,MKG-2,Lantai 3,http://images.malkelapagading.com/tenant/Pop-Cionardeslogo.jpg,https://www.malkelapagading.com/directory/pop-cionardes
Project Soul ,MKG-3,Lantai 2,,https://www.malkelapagading.com/directory/project-soul
Pull & Bear ,MKG-3,Lantai 1,http://images.malkelapagading.com/tenant/Pull-Bearlogo.jpg,https://www.malkelapagading.com/directory/pull-and-bear
Puma ,MKG-2,Lantai 1,http://images.malkelapagading.com/tenant/Pumalogo.jpg,https://www.malkelapagading.com/directory/puma
Pure Laser Clinic ,Gading Walk,Lantai Dasar,http://images.malkelapagading.com/tenant/Pure-Laser-Cliniclogo.jpg,https://www.malkelapagading.com/directory/ppp-laser-clinic
PUTIEN ,MKG-5,Lantai 3,http://images.malkelapagading.com/tenant/PUTIENlogo.jpg,https://www.malkelapagading.com/directory/putien
Puyo Silky Dessert ,MKG-2,Lantai 2,http://images.malkelapagading.com/tenant/Puyo-Dessertlogo.jpg,https://www.malkelapagading.com/directory/puyo-dessert
QQ Kopitiam ,Gading Walk,Lantai Dasar,http://images.malkelapagading.com/tenant/QQ-Kopitiamlogo.jpg,https://www.malkelapagading.com/directory/qq-kopitiam
R&B Tea ,MKG-3,Lantai 3,http://images.malkelapagading.com/tenant/R-B-Tealogo-69.png,https://www.malkelapagading.com/directory/randb-tea
Raa Cha Suki & Barbeque ,MKG-3,Lantai Dasar,http://images.malkelapagading.com/tenant/Raa-Cha-Sukilogo.jpg,https://www.malkelapagading.com/directory/raa-cha-suki
Rabbit Land ,Gading Walk,Lantai Dasar,http://images.malkelapagading.com/tenant/Rabbit-Landlogo1.JPG,https://www.malkelapagading.com/directory/rabbit-land
Rambla ,MKG-1,Lantai 1,http://images.malkelapagading.com/tenant/Ramblalogo-15.jpg,https://www.malkelapagading.com/directory/rambla
Ramen Seirock-Ya Japan ,MKG-2,Lantai 2,http://images.malkelapagading.com/tenant/Ramen-Seirock-Ya-Japanlogo-62.jpg,https://www.malkelapagading.com/directory/ramen-seirock-ya-japan
Ramen YA ,MKG-3,Lantai 3,http://images.malkelapagading.com/tenant/Ramen-YAlogo-43.jpg,https://www.malkelapagading.com/directory/ramen-ya
REDDOG ,MKG-5,Lantai 3,http://images.malkelapagading.com/tenant/REDDOGlogo-81.jpg,https://www.malkelapagading.com/directory/reddog
Rejuve ,MKG-3,Lantai Dasar,http://images.malkelapagading.com/tenant/Re-juvelogo.jpg,https://www.malkelapagading.com/directory/rejuve
Remboelan ,MKG-5,Lantai 1,http://images.malkelapagading.com/tenant/Remboelanlogo.jpg,https://www.malkelapagading.com/directory/remboelan
Rempah Bistro ,MKG-1,Lantai Dasar,http://images.malkelapagading.com/tenant/Rempah-Bistrologo-58.jpg,https://www.malkelapagading.com/directory/rempah-bistro
Rica Rico Bika Ambon ,MKG-3,Lantai 3,http://images.malkelapagading.com/tenant/Rica-Rico-Bika-Ambonlogo.jpg,https://www.malkelapagading.com/directory/rica-rico-bika-ambon
Rotiboy ,MKG-3,Lantai Dasar,http://images.malkelapagading.com/tenant/Roti-Boylogo.jpg,https://www.malkelapagading.com/directory/roti-boy
Rubi Shoes ,MKG-3,Lantai 2,http://images.malkelapagading.com/tenant/Rubi-Shoeslogo-59.jpg,https://www.malkelapagading.com/directory/rubi-shoes
Rujak Kolam Medan ,MKG-3,Lantai 3,http://images.malkelapagading.com/tenant/Rujak-Kolam-Medanlogo.jpg,https://www.malkelapagading.com/directory/rujak-kolam-medan
Salad Stop ,MKG-3,Lantai Dasar,http://images.malkelapagading.com/tenant/Salad-Stoplogo1.jpg,https://www.malkelapagading.com/directory/salad-stop
Samsonite ,MKG-1,Lantai 1,http://images.malkelapagading.com/tenant/Samsonitelogo.jpg,https://www.malkelapagading.com/directory/samsonite
Samsung ,MKG-3,Lantai Dasar,http://images.malkelapagading.com/tenant/Samsunglogo.jpg,https://www.malkelapagading.com/directory/samsung
Samsung Accessories ,MKG-2,Lantai 2,http://images.malkelapagading.com/tenant/Samsung-Accessorieslogo.jpg,https://www.malkelapagading.com/directory/samsung-accessories
Sante ,Gading Walk,Lantai Dasar,http://images.malkelapagading.com/tenant/Santilogo-80.jpg,https://www.malkelapagading.com/directory/sante
Sate Khas Senayan ,MKG-1,Lantai Dasar,http://images.malkelapagading.com/tenant/Sate-Khas-Senayanlogo-21.jpg,https://www.malkelapagading.com/directory/sate-khas-senayan
Sate Padang Mak Syukur ,MKG-3,Lantai 3,http://images.malkelapagading.com/tenant/Sate-Padang-Mak-Syukurlogo.jpg,https://www.malkelapagading.com/directory/sate-padang-mak-syukur
Saturdays ,MKG-2,Lantai 1,http://images.malkelapagading.com/tenant/Saturdayslogo-30.jpg,https://www.malkelapagading.com/directory/saturdays
Scoop ,MKG-2,Lantai 2,http://images.malkelapagading.com/tenant/Scooplogo.jpg,https://www.malkelapagading.com/directory/scoop
Sensatia Botanicals ,MKG-2,Lantai Dasar,http://images.malkelapagading.com/tenant/Sensatia-Botanicalslogo-14.jpg,https://www.malkelapagading.com/directory/sensatia-botanicals
SEPHORA ,MKG-2,Lantai Dasar,http://images.malkelapagading.com/tenant/SEPHORAlogo.jpg,https://www.malkelapagading.com/directory/sephora
Shaburi Japanese Shabu Shabu ,MKG-2,Lantai 2,http://images.malkelapagading.com/tenant/Shaburi-Japanese-Shabu-Shabulogo.jpg,https://www.malkelapagading.com/directory/shaburi
Shambala Inner Peace Gallery ,MKG-1,Lantai 2,http://images.malkelapagading.com/tenant/Shambala-Inner-Peace-Gallerylogo1.jpg,https://www.malkelapagading.com/directory/shambala
Shihlin Taiwan Street Snack ,MKG-3,Lantai 3,http://images.malkelapagading.com/tenant/Shihlinlogo.jpg,https://www.malkelapagading.com/directory/shihlin-taiwan-street-snack
Simian ,MKG-3,Basement,http://images.malkelapagading.com/tenant/Simianlogo1.jpg,https://www.malkelapagading.com/directory/simian
Simply The Future Drinks ,MKG-3,Lantai 3,http://images.malkelapagading.com/tenant/Simply-The-Future-Drinkslogo.jpg,https://www.malkelapagading.com/directory/simply-the-future-drinks
Singapore Hainanese Chicken Rice ,MKG-3,Lantai 3,http://images.malkelapagading.com/tenant/Singapore-Hainanese-Chicken-Ricelogo1.jpg,https://www.malkelapagading.com/directory/singapore-hainanese-chicken-rice
Singapore Koo Kee ,MKG-5,Lantai Dasar,http://images.malkelapagading.com/tenant/Singapore-Koo-Keelogo-42.jpg,https://www.malkelapagading.com/directory/singapore-koo-kee
Skechers ,MKG-2,Lantai Dasar,http://images.malkelapagading.com/tenant/Skecherslogo-48.jpg,https://www.malkelapagading.com/directory/skechers
SKIN+ ,,,http://images.malkelapagading.com/tenant/SKIN-logo-72.jpg,https://www.malkelapagading.com/directory/skin+
Smart Hand DIY ,MKG-3,Lantai 2,http://images.malkelapagading.com/tenant/Smart-Hand-DIYlogo-47.jpg,https://www.malkelapagading.com/directory/smart-hand-diy
Social Affair ,MKG-3,Lantai Dasar,http://images.malkelapagading.com/tenant/Social-Affairlogo.jpg,https://www.malkelapagading.com/directory/social-affair
SOCIOLLA ,MKG-2,Lantai 2,http://images.malkelapagading.com/tenant/SOCIOLLAlogo-94.jpg,https://www.malkelapagading.com/directory/sociolla
Sogo Department Store ,MKG-2,Lantai 1,http://images.malkelapagading.com/tenant/Sogo-Dept-Storelogo.jpg,https://www.malkelapagading.com/directory/sogo-dept-store
Solaria ,MKG-3,Lantai 2,http://images.malkelapagading.com/tenant/Solarialogo.jpg,https://www.malkelapagading.com/directory/solaria
Sop Kaki Kambing Dudung Roxy ,MKG-3,Lantai 3,http://images.malkelapagading.com/tenant/Sop-Kaki-Kambing-Dudunglogo.jpg,https://www.malkelapagading.com/directory/sop-kaki-kambing-dudung
Soto Betawi H Mamat ,MKG-3,Lantai 3,http://images.malkelapagading.com/tenant/Soto-Betawi-H-Mamatlogo.jpg,https://www.malkelapagading.com/directory/soto-betawi-h-mamat
Sour Sally ,MKG-3,Lantai 3,http://images.malkelapagading.com/tenant/Sour-Sallylogo2.jpg,https://www.malkelapagading.com/directory/sour-sally
Staccato ,MKG-3,Lantai 1,http://images.malkelapagading.com/tenant/Staccatologo1.jpg,https://www.malkelapagading.com/directory/staccato
Star Studio ,MKG-2,Lantai 2,http://images.malkelapagading.com/tenant/Star-Studiologo.jpg,https://www.malkelapagading.com/directory/star-studio
Starbucks Coffee ,MKG-3,Lantai Dasar,http://images.malkelapagading.com/tenant/Starbucks-Coffeelogo.jpg,https://www.malkelapagading.com/directory/starbucks-coffee
Steak21 Buffet ,MKG-3,Lantai Dasar,http://images.malkelapagading.com/tenant/Steak-logo1.jpg,https://www.malkelapagading.com/directory/steak21
Steamboat House ,MKG-3,Lantai 3,http://images.malkelapagading.com/tenant/Steamboat-Houselogo.jpg,https://www.malkelapagading.com/directory/steamboat-house
Steve Madden ,MKG-2,Lantai 1,http://images.malkelapagading.com/tenant/Steve-Maddenlogo.jpg,https://www.malkelapagading.com/directory/steve-madden
Stop N' Go ,MKG-1,Lantai Dasar,http://images.malkelapagading.com/tenant/Stop-N-Gologo.jpg,https://www.malkelapagading.com/directory/stop-n-go
Stradivarius ,MKG-3,Lantai 1,http://images.malkelapagading.com/tenant/Stradivariuslogo.jpg,https://www.malkelapagading.com/directory/stradivarius
Stroberi ,MKG-2,Lantai 2,http://images.malkelapagading.com/tenant/Stroberilogo.jpg,https://www.malkelapagading.com/directory/stroberi
Subway ,MKG-2,Lantai Dasar,http://images.malkelapagading.com/tenant/Subwaylogo-63.jpg,https://www.malkelapagading.com/directory/subway
Summer Chicks ,MKG-3,Lantai 2,http://images.malkelapagading.com/tenant/Summer-Chickslogo.jpg,https://www.malkelapagading.com/directory/summer-chicks
Surya Lestari Apotik ,MKG-1,Lantai Dasar,http://images.malkelapagading.com/tenant/Surya-Lestari-Apotiklogo1.jpg,https://www.malkelapagading.com/directory/apotik-surya-lestari
Sushi GO! ,MKG-2,Lantai 2,http://images.malkelapagading.com/tenant/Sushi-GO-logo.jpg,https://www.malkelapagading.com/directory/sushi-go
Sushi Hiro ,MKG-3,Lantai Dasar,http://images.malkelapagading.com/tenant/Sushi-Hirologo.jpg,https://www.malkelapagading.com/directory/sushi-hiro
Sushi Tei ,MKG-5,Lantai 3,http://images.malkelapagading.com/tenant/Sushi-Teilogo3.jpg,https://www.malkelapagading.com/directory/sushi-tei
Swarovski ,MKG-2,Lantai 1,http://images.malkelapagading.com/tenant/Swarovskilogo-19.png,https://www.malkelapagading.com/directory/swarovski
Swatch Watch ,MKG-2,Lantai 1,http://images.malkelapagading.com/tenant/Swatch-Watchlogo.jpg,https://www.malkelapagading.com/directory/swatch-watch
Ta Wan ,MKG-5,Lantai 3,http://images.malkelapagading.com/tenant/Ta-Wanlogo7.jpg,https://www.malkelapagading.com/directory/ta-wan
Take Barli ,MKG-3,Lantai 3,http://images.malkelapagading.com/tenant/Take-Barlilogo-21.jpg,https://www.malkelapagading.com/directory/take-barli
Teh 63 ,MKG-1,Lantai Dasar,http://images.malkelapagading.com/tenant/Teh-logo-15.jpg,https://www.malkelapagading.com/directory/teh-63
Terraland ,MKG-2,Lantai 2,http://images.malkelapagading.com/tenant/Terralandlogo2.jpg,https://www.malkelapagading.com/directory/terraland
Thai I Love You ,MKG-5,Lantai Dasar,http://images.malkelapagading.com/tenant/Thai-I-Love-You-by.jpg,https://www.malkelapagading.com/directory/thai-i-love-you
The Body Shop ,MKG-2,Lantai Dasar,http://images.malkelapagading.com/tenant/The-Body-Shoplogo.jpg,https://www.malkelapagading.com/directory/the-body-shop
The Coffee Bean & Tea Leaf ,MKG-2,Lantai Dasar,http://images.malkelapagading.com/tenant/The-Coffee-Bean-Tea-Leaflogo.jpg,https://www.malkelapagading.com/directory/the-coffee-bean-and-tea-leaf
The Executive ,MKG-2,Lantai 1,http://images.malkelapagading.com/tenant/The-Executivelogo-97.jpg,https://www.malkelapagading.com/directory/the-executive
The Face Shop ,MKG-1,Lantai 1,http://images.malkelapagading.com/tenant/The-Face-Shoplogo-5.jpg,https://www.malkelapagading.com/directory/the-face-shop
The Foodhall ,MKG-2,Lantai Dasar,http://images.malkelapagading.com/tenant/Foodhalllogo.jpg,https://www.malkelapagading.com/directory/the-foodhall
The Garden ,MKG-5,Lantai Dasar,http://images.malkelapagading.com/tenant/The-Gardenlogo.jpg,https://www.malkelapagading.com/directory/the-garden
THE PALACE ,MKG-2,Lantai Dasar,http://images.malkelapagading.com/tenant/THE-PALACElogo-74.jpg,https://www.malkelapagading.com/directory/the-palace
The Wine Cellar ,MKG-5,Lantai Dasar,http://images.malkelapagading.com/tenant/The-Wine-Cellarlogo.jpg,https://www.malkelapagading.com/directory/the-wine-cellar
This Earth ,MKG-2,Lantai 1,http://images.malkelapagading.com/tenant/This-Earthlogo-33.jpg,https://www.malkelapagading.com/directory/this-earth
This is April ,MKG-1,Lantai 1,http://images.malkelapagading.com/tenant/This-is-Aprillogo.jpg,https://www.malkelapagading.com/directory/this-is-april
Timezone ,MKG-3,Lantai 2,http://images.malkelapagading.com/tenant/Timezonelogo.jpg,https://www.malkelapagading.com/directory/timezone
TISSOT ,MKG-3,Lantai Dasar,http://images.malkelapagading.com/tenant/TISSOTlogo.jpg,https://www.malkelapagading.com/directory/tissot
Tjoetji Sepatoe ,MKG-3,Basement,http://images.malkelapagading.com/tenant/Tjoetji-Sepatoelogo.jpg,https://www.malkelapagading.com/directory/tjoetji-sepatoe
TOAST BOX ,MKG-1,Lantai Dasar,http://images.malkelapagading.com/tenant/TOAST-BOXlogo-52.jpg,https://www.malkelapagading.com/directory/toast-box
Toby`s Estate Coffee Roasters ,MKG-3,Lantai Dasar,http://images.malkelapagading.com/tenant/Toby-s-Estate-Coffee-Roasterslogo-37.jpg,https://www.malkelapagading.com/directory/tobys-estate
TokoPDA.Com ,MKG-1,Lantai 2,http://images.malkelapagading.com/tenant/TokoPDA-Comlogo.jpg,https://www.malkelapagading.com/directory/tokopda-com
Tokyo Beauty Laboratory ,Gading Walk,Lantai Dasar,http://images.malkelapagading.com/tenant/Tokyo-Beautylogo.jpg,https://www.malkelapagading.com/directory/tokyo-beauty
Tori-Yo ,MKG-3,Lantai 3,http://images.malkelapagading.com/tenant/Tori-Yologo-84.jpg,https://www.malkelapagading.com/directory/tori-yo
TOUS les JOURS ,MKG-5,Lantai Dasar,http://images.malkelapagading.com/tenant/Tous-Les-jourslogo.jpg,https://www.malkelapagading.com/directory/tous-les-jours
TOYOTA INSPIRIENCE ZONE ,MKG-2,Lantai Dasar,http://images.malkelapagading.com/tenant/TOYOTA-INSPIRIENCE-ZONElogo-29.jpg,https://www.malkelapagading.com/directory/toyota-inspirience-zone
Tracce ,MKG-3,Lantai 2,http://images.malkelapagading.com/tenant/Traccelogo.jpg,https://www.malkelapagading.com/directory/tracce
Trident Dental ,Gading Walk,Lantai Dasar,http://images.malkelapagading.com/tenant/Trident-Dentallogo2.jpg,https://www.malkelapagading.com/directory/trident-dental
TUMI ,MKG-3,Lantai Dasar,http://images.malkelapagading.com/tenant/TUMIlogo.jpg,https://www.malkelapagading.com/directory/tumi
Ultramen ,MKG-3,Lantai Dasar,http://images.malkelapagading.com/tenant/Ultramenlogo-55.jpg,https://www.malkelapagading.com/directory/ultramen
unbakes ,Gading Walk,Lantai Dasar,http://images.malkelapagading.com/tenant/Unbakeslogo-86.jpg,https://www.malkelapagading.com/directory/unbakes
Uncle Tetsu Cheesecake ,MKG-1,Lantai Dasar,http://images.malkelapagading.com/tenant/Uncle-Tetsu-Cheesecakelogo1.jpg,https://www.malkelapagading.com/directory/uncle-tetsu-cheesecake
Under Armour ,MKG-2,Lantai Dasar,http://images.malkelapagading.com/tenant/Under-Armourlogo.jpg,https://www.malkelapagading.com/directory/under-armour
Union ,MKG-3,Lantai Dasar,http://images.malkelapagading.com/tenant/Unionlogo.jpg,https://www.malkelapagading.com/directory/union
Unirep Junior College ,Gading Walk,Lantai Dasar,http://images.malkelapagading.com/tenant/Uniprep-Junior-Collegelogo.jpg,https://www.malkelapagading.com/directory/unirep-junior-college
Urban Icon ,MKG-3,Lantai 1,http://images.malkelapagading.com/tenant/Urban-Iconlogo-9.jpg,https://www.malkelapagading.com/directory/urban-icon
Urban Republic ,MKG-3,Lantai Dasar,http://images.malkelapagading.com/tenant/Urban-Republiclogo-90.jpg,https://www.malkelapagading.com/directory/urban-republic
Vans ,MKG-2,Lantai 1,http://images.malkelapagading.com/tenant/Vanslogo.jpg,https://www.malkelapagading.com/directory/vanz
Victoria`s Secret ,MKG-3,Lantai 1,http://images.malkelapagading.com/tenant/Victorias-Secretlogo.jpg,https://www.malkelapagading.com/directory/victoria-secret
Vinoti Living ,MKG-5,Lantai 2,http://images.malkelapagading.com/tenant/Vinoti-Livinglogo-27.jpg,https://www.malkelapagading.com/directory/vinoti-living
Wacoal ,MKG-3,Lantai 2,http://images.malkelapagading.com/tenant/Wacoallogo-23.png,https://www.malkelapagading.com/directory/wacoal
Wakai ,MKG-2,Lantai 1,http://images.malkelapagading.com/tenant/Wakailogo1.jpg,https://www.malkelapagading.com/directory/wakai
Warna ,MKG-2,Lantai 2,http://images.malkelapagading.com/tenant/Warnalogo.jpg,https://www.malkelapagading.com/directory/warna
Warung Bakudapa Manado ,MKG-3,Lantai 3,http://images.malkelapagading.com/tenant/Warung-Bakudapa-Manadologo1.jpg,https://www.malkelapagading.com/directory/baku-dapa
Warung Siomay ,MKG-3,Lantai 3,http://images.malkelapagading.com/tenant/Warung-Siomaylogo-30.jpg,https://www.malkelapagading.com/directory/warung-siomay
Watch Studio ,MKG-2,Lantai 1,http://images.malkelapagading.com/tenant/Watch-Studiologo1.jpg,https://www.malkelapagading.com/directory/watch-studio
Watch Zone ,MKG-2,Lantai 1,http://images.malkelapagading.com/tenant/Watch-Enginelogo-100.jpg,https://www.malkelapagading.com/directory/watch-zone
Watsons ,MKG-3,Lantai Dasar,http://images.malkelapagading.com/tenant/Watsonslogo-86.jpg,https://www.malkelapagading.com/directory/watsons
Wicked Pies ,MKG-2,Lantai 2,http://images.malkelapagading.com/tenant/Wicked-Pieslogo-55.png,https://www.malkelapagading.com/directory/wicked-pies
Wilio Kids ,MKG-3,Lantai 2,http://images.malkelapagading.com/tenant/Wilio-Kidslogo-94.jpg,https://www.malkelapagading.com/directory/wilio-kids
Wingstop ,MKG-3,Lantai 3,http://images.malkelapagading.com/tenant/Wingstoplogo-2.jpg,https://www.malkelapagading.com/directory/wingstop
Winslett Jewellery ,MKG-3,Lantai 1,http://images.malkelapagading.com/tenant/Winslett-Jewellerylogo1.jpg,https://www.malkelapagading.com/directory/winslett-jewellery
WL Waxing ,MKG-5,Basement,http://images.malkelapagading.com/tenant/WL-Waxinglogo1.jpg,https://www.malkelapagading.com/directory/wl-waxing
World Gems Center ,MKG-3,Lantai Dasar,http://images.malkelapagading.com/tenant/World-Gems-Centerlogo.jpg,https://www.malkelapagading.com/directory/world-gems-center
XL Center ,MKG-1,Lantai Dasar,http://images.malkelapagading.com/tenant/XL-Centerlogo.jpg,https://www.malkelapagading.com/directory/xl-center
XXI Garden Cafe ,MKG-2,Lantai 3,http://images.malkelapagading.com/tenant/XXI-Garden-Cafelogo.jpg,https://www.malkelapagading.com/directory/xxi-garden-cafe
Yakun Kaya Toast ,MKG-2,Lantai 2,http://images.malkelapagading.com/tenant/Yakun-Kaya-Toastlogo.jpg,https://www.malkelapagading.com/directory/yakun-kaya-toast
Yamada Holding Best  ,MKG-5,Lantai 2,http://images.malkelapagading.com/tenant/Best-Denkilogo-52.jpg,https://www.malkelapagading.com/directory/yamada-holding-best
YamMie Hotplate ,MKG-3,Lantai 3,http://images.malkelapagading.com/tenant/YamMie-Hotplatelogo.jpg,https://www.malkelapagading.com/directory/yammie-hotplate
Yopie Salon ,MKG-1,Lantai Dasar,http://images.malkelapagading.com/tenant/Yopie-Salonlogo.jpg,https://www.malkelapagading.com/directory/yopie-salon
Yoshinoya ,MKG-3,Lantai 3,http://images.malkelapagading.com/tenant/Yoshinoyalogo.jpg,https://www.malkelapagading.com/directory/yoshinoya
Your Bag Spa ,Gading Walk,Lantai Dasar,http://images.malkelapagading.com/tenant/Your-Bag-Spalogo.jpg,https://www.malkelapagading.com/directory/your-bag-spa
Yuan Market ,MKG-3,Lantai 2,http://images.malkelapagading.com/tenant/Yuan-Marketlogo-11.jpg,https://www.malkelapagading.com/directory/yuan-market
Yuraku ,MKG-1,Lantai Dasar,http://images.malkelapagading.com/tenant/Yurakulogo.jpg,https://www.malkelapagading.com/directory/yuraku
Yves Rocher ,MKG-3,Lantai 1,http://images.malkelapagading.com/tenant/Yves-Rocherlogo.jpg,https://www.malkelapagading.com/directory/yves-rocher
ZARA ,MKG-3,Lantai 1,http://images.malkelapagading.com/tenant/ZARAlogo.jpg,https://www.malkelapagading.com/directory/zara
ZOOMOOV ,MKG-3,Lantai 2,http://images.malkelapagading.com/tenant/ZOOMOOVlogo2.jpg,https://www.malkelapagading.com/directory/zoomoov
